<annotation>
	<folder>btwin</folder>
	<filename>1565597911431.JPEG</filename>
	<path>D:\objectdetection\btwin\1565597911431.JPEG</path>
	<source>
		<database>Unknown</database>
	</source>
	<size>
		<width>2000</width>
		<height>1488</height>
		<depth>3</depth>
	</size>
	<segmented>0</segmented>
	<object>
		<name>Btwin Trekking Water Bottle 750ml</name>
		<pose>Unspecified</pose>
		<truncated>0</truncated>
		<difficult>0</difficult>
		<bndbox>
			<xmin>92</xmin>
			<ymin>207</ymin>
			<xmax>1615</xmax>
			<ymax>1055</ymax>
		</bndbox>
	</object>
</annotation>
