<annotation>
	<folder>btwin</folder>
	<filename>1565597909851.JPEG</filename>
	<path>D:\objectdetection\btwin\1565597909851.JPEG</path>
	<source>
		<database>Unknown</database>
	</source>
	<size>
		<width>1488</width>
		<height>2000</height>
		<depth>3</depth>
	</size>
	<segmented>0</segmented>
	<object>
		<name>Btwin Trekking Water Bottle 750ml</name>
		<pose>Unspecified</pose>
		<truncated>0</truncated>
		<difficult>0</difficult>
		<bndbox>
			<xmin>560</xmin>
			<ymin>302</ymin>
			<xmax>978</xmax>
			<ymax>1493</ymax>
		</bndbox>
	</object>
</annotation>
